{
  "ext_distance": 0.98,
  "ext_azimuth": 140,
  "ext_elevation": -78,
  "ext_lookat_x": 0.28400000000000003,
  "ext_lookat_y": 0.02400000000000002,
  "ext_lookat_z": -0.806,
  "joint_pos": [
    0.21120000000000028,
    1.533,
    -1.22694,
    -0.2589600000000001,
    1.5175400000000003,
    0.26776
  ]
}