{
  "ext_distance": 0.8,
  "ext_azimuth": 95,
  "ext_elevation": -19,
  "ext_lookat_x": 0.278,
  "ext_lookat_y": 0.43599999999999994,
  "ext_lookat_z": 0.0,
  "joint_pos": [
    -1.53216,
    1.533,
    -1.22018,
    -0.2589600000000001,
    1.6291399999999996,
    -0.17
  ]
}