{
  "ext_distance": 1.06,
  "ext_azimuth": 140,
  "ext_elevation": -78,
  "ext_lookat_x": 0.244,
  "ext_lookat_y": 0.1140000000000001,
  "ext_lookat_z": -0.622,
  "joint_pos": [
    0.026880000000000015,
    0.5075000000000003,
    -0.3853199999999999,
    -0.7303999999999998,
    1.8021199999999995,
    0.18711999999999998
  ]
}